"Lap","Elapsed Time","Km","Lap Time","Lap Pace","Average Pace"
"1","04:13","0.674","04:13","06:16","06:16"
"2","08:13","1.348","03:59","05:55","06:06"
"3","12:13","2.022","03:59","05:55","06:02"
"4","16:12","2.697","03:58","05:53","06:00"
"5","20:10","3.371","03:58","05:52","05:58"
"6","24:09","4.045","03:59","05:54","05:58"
"7","28:08","4.720","03:59","05:54","05:57"
"8","32:09","5.394","04:01","05:57","05:57"
"9","36:06","6.068","03:56","05:50","05:56"
"10","40:02","6.742","03:56","05:50","05:56"
"11","43:58","7.417","03:55","05:48","05:55"
"12","47:52","8.091","03:54","05:47","05:55"
"13","51:43","8.765","03:50","05:42","05:54"
"14","55:39","9.440","03:56","05:50","05:53"
"15","59:37","10.114","03:57","05:51","05:53"
"16","1:03:32","10.788","03:55","05:49","05:53"
"17","1:07:28","11.462","03:55","05:48","05:53"
"18","1:11:24","12.137","03:56","05:50","05:53"
"19","1:15:21","12.811","03:57","05:51","05:52"
"20","1:19:21","13.485","03:59","05:55","05:53"
"21","1:23:20","14.160","03:59","05:54","05:53"
"22","1:27:19","14.834","03:59","05:54","05:53"
"23","1:31:20","15.508","04:00","05:56","05:53"
"24","1:35:19","16.183","03:59","05:55","05:53"
"25","1:39:13","16.857","03:53","05:46","05:53"
"26","1:43:15","17.531","04:02","05:59","05:53"
"27","1:47:13","18.205","03:57","05:52","05:53"
"28","1:51:10","18.880","03:56","05:51","05:53"
"29","1:55:04","19.554","03:54","05:47","05:53"
"30","1:59:05","20.228","04:00","05:56","05:53"
"31","2:03:06","20.903","04:01","05:57","05:53"
"32","2:07:05","21.577","03:58","05:53","05:53"
"33","2:11:07","22.251","04:01","05:58","05:53"
"34","2:15:05","22.925","03:58","05:52","05:53"
"35","2:19:03","23.600","03:57","05:52","05:53"
"36","2:23:01","24.274","03:58","05:53","05:53"
"37","2:27:02","24.948","04:00","05:57","05:53"
"38","2:31:00","25.623","03:58","05:53","05:53"
"39","2:35:02","26.297","04:02","05:59","05:53"
"40","2:39:02","26.971","03:59","05:55","05:53"
"41","2:43:03","27.645","04:01","05:57","05:53"
"42","2:47:00","28.320","03:56","05:51","05:53"
"43","2:50:55","28.994","03:55","05:48","05:53"
"44","2:54:53","29.668","03:57","05:52","05:53"
"45","2:58:50","30.343","03:57","05:52","05:53"
"46","3:04:38","31.017","05:48","08:36","05:57"
"47","3:14:44","31.691","10:05","14:57","06:08"
"48","3:18:45","32.365","04:00","05:57","06:08"
"49","3:22:44","33.040","03:59","05:55","06:08"
"50","3:26:45","33.714","04:00","05:57","06:07"
"51","3:30:48","34.388","04:02","06:00","06:07"
"52","3:34:47","35.063","03:59","05:54","06:07"
"53","3:38:51","35.737","04:03","06:01","06:07"
"54","3:42:58","36.411","04:07","06:06","06:07"
"55","3:47:01","37.085","04:02","05:59","06:07"
"56","3:51:05","37.760","04:04","06:02","06:07"
"57","3:55:09","38.434","04:04","06:01","06:07"
"58","3:59:18","39.108","04:08","06:08","06:07"
"59","4:03:24","39.783","04:06","06:04","06:07"
"60","4:07:31","40.457","04:07","06:07","06:07"
"61","4:16:22","41.131","08:50","13:07","06:13"
"62","4:20:55","41.806","04:32","06:44","06:14"
"63","4:25:01","42.480","04:05","06:03","06:14"
"64","4:29:09","43.154","04:08","06:08","06:14"
"65","4:33:20","43.828","04:10","06:11","06:14"
"66","4:37:26","44.503","04:05","06:04","06:14"
"67","4:42:16","45.177","04:50","07:10","06:14"
"68","4:46:48","45.851","04:31","06:43","06:15"
"69","4:50:58","46.526","04:10","06:10","06:15"
"70","4:55:11","47.200","04:12","06:14","06:15"
"71","4:59:22","47.874","04:11","06:13","06:15"
"72","5:03:33","48.548","04:10","06:11","06:15"
"73","5:07:46","49.223","04:13","06:15","06:15"
"74","5:12:03","49.897","04:16","06:20","06:15"
"75","5:16:21","50.571","04:17","06:22","06:15"
"76","5:23:34","51.246","07:13","10:42","06:18"
"77","5:28:08","51.920","04:34","06:46","06:19"
"78","5:40:19","52.594","12:10","18:02","06:28"
"79","5:46:27","53.268","06:08","09:05","06:30"
"80","5:50:39","53.943","04:12","06:13","06:30"
"81","5:54:55","54.617","04:16","06:19","06:29"
"82","5:59:16","55.291","04:21","06:27","06:29"
"83","6:18:51","55.966","19:34","29:02","06:46"
"84","6:23:04","56.640","04:13","06:15","06:45"
"85","6:27:14","57.314","04:09","06:10","06:45"
"86","6:31:25","57.988","04:10","06:12","06:44"
"87","6:35:37","58.663","04:12","06:14","06:44"
"88","6:39:47","59.337","04:09","06:10","06:44"
"89","6:43:58","60.011","04:11","06:12","06:43"
"90","6:48:32","60.686","04:33","06:46","06:43"
"91","6:52:48","61.360","04:16","06:19","06:43"
"92","6:57:19","62.034","04:30","06:41","06:43"
"93","7:03:26","62.709","06:07","09:04","06:45"
"94","7:07:49","63.383","04:22","06:29","06:44"
"95","7:12:09","64.057","04:20","06:26","06:44"
"96","7:16:27","64.731","04:17","06:21","06:44"
"97","7:20:49","65.406","04:21","06:28","06:44"
"98","7:25:08","66.080","04:19","06:24","06:44"
"99","7:29:29","66.754","04:21","06:27","06:44"
"100","7:33:51","67.429","04:22","06:28","06:43"
"101","7:38:16","68.103","04:24","06:32","06:43"
"102","7:42:44","68.777","04:27","06:37","06:43"
"103","7:47:13","69.451","04:29","06:39","06:43"
"104","7:51:37","70.126","04:23","06:31","06:43"
"105","7:56:01","70.800","04:24","06:31","06:43"
"106","8:00:22","71.474","04:20","06:26","06:43"
"107","8:13:32","72.149","13:09","19:31","06:50"
"108","8:18:06","72.823","04:33","06:46","06:50"
"109","8:22:53","73.497","04:47","07:06","06:50"
"110","8:27:10","74.171","04:16","06:20","06:50"
"111","8:31:31","74.846","04:20","06:26","06:50"
"112","8:35:57","75.520","04:26","06:35","06:49"
"113","8:40:21","76.194","04:23","06:30","06:49"
"114","8:44:47","76.869","04:26","06:35","06:49"
"115","8:49:17","77.543","04:29","06:40","06:49"
"116","8:53:42","78.217","04:24","06:32","06:49"
"117","8:59:49","78.891","06:06","09:04","06:50"
"118","9:07:38","79.566","07:49","11:36","06:52"
"119","9:12:07","80.240","04:28","06:38","06:52"
"120","9:16:39","80.914","04:31","06:43","06:52"
"121","9:21:04","81.589","04:25","06:33","06:52"
"122","9:25:27","82.263","04:22","06:29","06:52"
"123","9:29:45","82.937","04:17","06:22","06:52"
"124","9:34:05","83.612","04:19","06:25","06:51"
"125","9:38:24","84.286","04:19","06:24","06:51"
"126","9:42:47","84.960","04:23","06:30","06:51"
"127","9:49:05","85.634","06:17","09:20","06:52"
"128","9:53:39","86.309","04:33","06:45","06:52"
"129","9:58:12","86.983","04:33","06:44","06:52"
"130","10:21:03","87.657","22:51","33:54","07:05"
"131","10:27:43","88.332","06:39","09:53","07:06"
"132","10:32:54","89.006","05:10","07:41","07:06"
"133","10:38:35","89.680","05:41","08:25","07:07"
"134","10:45:13","90.354","06:37","09:49","07:08"
"135","10:50:07","91.029","04:53","07:15","07:08"
"136","10:55:12","91.703","05:04","07:32","07:08"
"137","11:00:14","92.377","05:02","07:28","07:08"
"138","11:05:17","93.052","05:02","07:28","07:08"
"139","11:10:15","93.726","04:58","07:22","07:09"
"140","11:15:27","94.400","05:11","07:41","07:09"
"141","11:20:26","95.074","04:59","07:23","07:09"
"142","11:25:25","95.749","04:59","07:23","07:09"
"143","11:30:26","96.423","05:01","07:26","07:09"
"144","11:35:25","97.097","04:59","07:23","07:09"
"145","11:40:24","97.772","04:58","07:22","07:09"
"146","11:45:20","98.446","04:55","07:18","07:09"
"147","11:50:06","99.120","04:46","07:04","07:09"
"148","11:54:54","99.794","04:47","07:07","07:09"
"149","12:01:04","100.469","06:10","09:08","07:10"
"150","12:19:22","101.143","18:17","27:07","07:18"
"151","12:27:12","101.817","07:49","11:36","07:20"
"152","12:32:38","102.492","05:26","08:04","07:20"
"153","12:40:16","103.166","07:37","11:18","07:22"
"154","12:51:25","103.840","11:08","16:31","07:25"
"155","13:05:02","104.514","13:37","20:12","07:30"
"156","13:10:40","105.189","05:37","08:19","07:30"
"157","13:15:48","105.863","05:08","07:37","07:31"
"158","13:20:56","106.537","05:08","07:37","07:31"
"159","13:26:01","107.212","05:05","07:32","07:31"
"160","13:31:09","107.886","05:07","07:35","07:31"
"161","13:38:11","108.560","07:02","10:26","07:32"
"162","13:43:33","109.235","05:21","07:57","07:32"
"163","13:48:59","109.909","05:26","08:03","07:32"
"164","13:54:13","110.583","05:13","07:44","07:32"
"165","13:59:10","111.257","04:57","07:20","07:32"
"166","14:21:20","111.932","22:10","32:53","07:41"
"167","14:27:45","112.606","06:24","09:30","07:42"
"168","14:32:44","113.280","04:58","07:23","07:42"
"169","14:37:49","113.955","05:04","07:31","07:42"
"170","14:43:43","114.629","05:54","08:45","07:42"
"171","14:48:47","115.303","05:03","07:30","07:42"
"172","14:54:23","115.977","05:36","08:19","07:42"
"173","15:03:18","116.652","08:54","13:12","07:44"
"174","15:12:41","117.326","09:23","13:54","07:46"
"175","15:18:20","118.000","05:39","08:23","07:46"
"176","15:24:15","118.675","05:54","08:45","07:47"
"177","15:30:02","119.349","05:47","08:35","07:47"
"178","15:36:22","120.023","06:19","09:22","07:48"
"179","15:41:25","120.697","05:03","07:30","07:47"
"180","15:46:36","121.372","05:11","07:41","07:47"
"181","15:51:52","122.046","05:15","07:47","07:47"
"182","16:00:24","122.720","08:32","12:40","07:49"
"183","16:23:42","123.395","23:17","34:33","07:58"
"184","16:33:14","124.069","09:31","14:07","08:00"
"185","16:39:12","124.743","05:58","08:52","08:00"
"186","16:45:14","125.417","06:01","08:55","08:00"
"187","16:53:27","126.092","08:13","12:11","08:02"
"188","16:59:24","126.766","05:56","08:49","08:02"
"189","17:05:27","127.440","06:02","08:58","08:02"
"190","17:16:31","128.115","11:04","16:25","08:05"
"191","17:23:19","128.789","06:47","10:04","08:06"
"192","17:29:32","129.463","06:13","09:13","08:06"
"193","17:35:11","130.138","05:39","08:23","08:06"
"194","17:40:31","130.812","05:19","07:53","08:06"
"195","17:46:54","131.486","06:23","09:28","08:06"
"196","17:52:31","132.160","05:36","08:19","08:06"
"197","17:57:38","132.835","05:06","07:34","08:06"
"198","18:33:30","133.509","35:52","53:11","08:20"
"199","18:42:52","134.183","09:22","13:53","08:22"
"200","18:47:41","134.858","04:48","07:08","08:21"
"201","18:51:49","135.532","04:07","06:07","08:21"
"202","18:56:01","136.206","04:12","06:14","08:20"
"203","19:00:18","136.880","04:16","06:20","08:19"
"204","19:04:42","137.555","04:24","06:32","08:19"
"205","19:12:15","138.229","07:32","11:11","08:20"
"206","19:16:55","138.903","04:39","06:54","08:19"
"207","19:22:45","139.578","05:49","08:38","08:19"
"208","19:30:09","140.252","07:24","10:59","08:20"
"209","19:36:05","140.926","05:55","08:47","08:20"
"210","19:41:44","141.600","05:38","08:22","08:20"
"211","19:47:42","142.275","05:58","08:50","08:20"
"212","19:56:10","142.949","08:28","12:33","08:22"
"213","20:13:25","143.623","17:14","25:34","08:26"
"214","20:18:50","144.298","05:25","08:03","08:26"
"215","20:24:46","144.972","05:55","08:46","08:26"
"216","20:30:42","145.646","05:55","08:47","08:26"
"217","20:36:15","146.320","05:33","08:14","08:26"
"218","20:41:57","146.995","05:41","08:26","08:26"
"219","20:47:24","147.669","05:27","08:05","08:26"
"220","20:56:06","148.343","08:41","12:52","08:28"
"221","21:00:52","149.018","04:46","07:04","08:27"
"222","21:08:50","149.692","07:58","11:49","08:28"
"223","21:14:38","150.366","05:48","08:36","08:28"
"224","21:19:45","151.041","05:06","07:34","08:28"
"225","21:28:13","151.715","08:28","12:33","08:29"
"226","21:35:20","152.389","07:06","10:32","08:30"
"227","21:41:24","153.063","06:04","08:59","08:30"
"228","21:47:03","153.738","05:39","08:23","08:30"
"229","21:52:20","154.412","05:17","07:50","08:29"
"230","21:57:24","155.086","05:03","07:30","08:29"
"231","22:22:18","155.761","24:54","36:56","08:37"
"232","22:28:35","156.435","06:16","09:17","08:37"
"233","22:34:37","157.109","06:02","08:56","08:37"
"234","22:39:52","157.783","05:15","07:48","08:37"
"235","22:49:59","158.458","10:06","14:58","08:38"
"236","22:55:45","159.132","05:46","08:33","08:38"
"237","23:01:21","159.806","05:35","08:18","08:38"
"238","23:06:02","160.481","04:41","06:57","08:38"
"239","23:12:28","161.155","06:25","09:31","08:38"
"240","23:16:50","161.829","04:22","06:29","08:37"
"241","23:29:48","162.503","12:57","19:13","08:40"
"242","23:36:27","163.178","06:39","09:51","08:40"
"243","23:42:54","163.852","06:27","09:34","08:41"
"244","23:49:02","164.526","06:07","09:05","08:41"
"245","23:54:47","165.201","05:45","08:32","08:41"
"246","24:33:14","165.875","38:26","57:01","08:52"
"247","24:41:10","166.549","07:56","11:46","08:53"
"248","24:50:19","167.223","09:09","13:34","08:54"
"249","24:57:46","167.898","07:27","11:03","08:55"
"250","25:02:57","168.572","05:10","07:41","08:54"
"251","25:10:31","169.246","07:33","11:13","08:55"
"252","25:18:57","169.921","08:25","12:29","08:56"
"253","27:50:13","170.595","2:31:16","3:44:19","09:47"
"254","27:54:41","171.269","04:28","06:38","09:46"
"255","27:59:08","171.943","04:27","06:36","09:45"
"256","28:03:42","172.618","04:33","06:46","09:45"
"257","28:10:39","173.292","06:56","10:17","09:45"
"258","28:15:15","173.966","04:36","06:49","09:44"
"259","28:20:01","174.641","04:45","07:03","09:44"
"260","28:24:44","175.315","04:42","06:59","09:43"
"261","28:30:27","175.989","05:43","08:29","09:43"
"262","28:41:24","176.664","10:56","16:13","09:44"
"263","28:47:49","177.338","06:25","09:31","09:44"
"264","28:53:07","178.012","05:18","07:51","09:44"
"265","29:01:53","178.686","08:45","12:59","09:44"
"266","29:07:32","179.361","05:39","08:23","09:44"
"267","29:12:24","180.035","04:51","07:13","09:44"
"268","29:18:28","180.709","06:03","08:58","09:43"
"269","29:24:33","181.384","06:05","09:01","09:43"
"270","29:30:05","182.058","05:32","08:13","09:43"
"271","29:35:41","182.732","05:35","08:17","09:43"
"272","29:41:08","183.406","05:26","08:04","09:42"
"273","29:46:54","184.081","05:45","08:32","09:42"
"274","29:51:44","184.755","04:50","07:10","09:41"
"275","30:00:09","185.429","08:24","12:28","09:42"
"276","30:25:56","186.104","25:47","38:14","09:48"
"277","30:36:09","186.778","10:13","15:09","09:49"
"278","30:46:11","187.452","10:01","14:52","09:50"
"279","30:52:42","188.126","06:31","09:40","09:50"
"280","31:00:40","188.801","07:57","11:47","09:51"
"281","31:08:21","189.475","07:41","11:24","09:51"
"282","31:13:42","190.149","05:21","07:56","09:51"
"283","31:20:11","190.824","06:28","09:36","09:51"
"284","31:26:31","191.498","06:19","09:23","09:51"
"285","31:31:31","192.172","05:00","07:24","09:50"
"286","31:37:06","192.846","05:35","08:17","09:50"
"287","31:42:43","193.521","05:36","08:18","09:49"
"288","31:48:37","194.195","05:53","08:44","09:49"
"289","31:53:39","194.869","05:02","07:28","09:49"
"290","31:58:31","195.544","04:51","07:12","09:48"
"291","32:19:59","196.218","21:28","31:51","09:53"
"292","32:28:54","196.892","08:55","13:13","09:53"
"293","32:35:32","197.567","06:37","09:49","09:53"
"294","32:41:09","198.241","05:37","08:20","09:53"
"295","32:46:48","198.915","05:39","08:23","09:53"
"296","32:54:05","199.589","07:16","10:48","09:53"
"297","33:00:10","200.264","06:04","09:00","09:53"
"298","33:06:33","200.938","06:23","09:29","09:53"
"299","33:14:10","201.612","07:36","11:17","09:53"
"300","33:21:52","202.287","07:41","11:25","09:53"
"301","33:30:26","202.961","08:33","12:41","09:54"
"302","33:41:04","203.635","10:37","15:46","09:55"
"303","33:46:09","204.309","05:05","07:32","09:55"
"304","33:52:03","204.984","05:53","08:44","09:54"
"305","33:57:25","205.658","05:22","07:58","09:54"
"306","34:53:50","206.332","56:24","1:23:39","10:08"
"307","34:59:37","207.007","05:47","08:35","10:08"
"308","35:05:21","207.681","05:43","08:29","10:08"
"309","35:11:04","208.355","05:43","08:29","10:07"
"310","35:16:53","209.029","05:48","08:37","10:07"
"311","35:22:44","209.704","05:51","08:40","10:07"
"312","35:28:53","210.378","06:08","09:06","10:07"
"313","35:35:08","211.052","06:15","09:16","10:06"
"314","35:40:32","211.727","05:23","08:00","10:06"
"315","35:48:28","212.401","07:56","11:45","10:06"
"316","35:54:33","213.075","06:05","09:01","10:06"
"317","36:00:53","213.749","06:19","09:23","10:06"
"318","36:08:15","214.424","07:22","10:55","10:06"
"319","36:14:38","215.098","06:22","09:27","10:06"
"320","36:21:05","215.772","06:27","09:34","10:06"
"321","36:28:31","216.447","07:25","11:00","10:06"
"322","36:37:09","217.121","08:38","12:48","10:07"
"323","36:44:01","217.795","06:52","10:11","10:07"
"324","36:52:04","218.470","08:03","11:57","10:07"
"325","36:57:44","219.144","05:39","08:24","10:07"
"326","37:03:52","219.818","06:07","09:04","10:07"
"327","37:25:24","220.492","21:32","31:56","10:11"
"328","37:31:27","221.167","06:03","08:59","10:10"
"329","37:38:04","221.841","06:36","09:47","10:10"
"330","37:46:13","222.515","08:09","12:06","10:11"
"331","37:53:16","223.190","07:02","10:26","10:11"
"332","38:02:57","223.864","09:41","14:21","10:11"
"333","38:15:44","224.538","12:47","18:58","10:13"
"334","38:22:22","225.212","06:37","09:49","10:13"
"335","38:28:33","225.887","06:10","09:09","10:13"
"336","38:34:45","226.561","06:11","09:11","10:13"
"337","38:42:04","227.235","07:19","10:51","10:13"
"338","38:55:34","227.910","13:29","20:00","10:14"
"339","39:01:13","228.584","05:39","08:23","10:14"
"340","39:07:49","229.258","06:35","09:46","10:14"
"341","39:15:34","229.932","07:45","11:30","10:14"
"342","39:21:28","230.607","05:53","08:43","10:14"
"343","39:51:13","231.281","29:45","44:08","10:20"
"344","41:18:37","231.955","1:27:23","2:09:36","10:41"
"345","41:23:26","232.630","04:48","07:08","10:40"
"346","41:28:24","233.304","04:58","07:22","10:39"
"347","41:33:16","233.978","04:51","07:12","10:39"
"348","41:41:57","234.652","08:41","12:53","10:39"
"349","41:46:54","235.327","04:57","07:21","10:39"
"350","41:51:49","236.001","04:54","07:16","10:38"
"351","41:59:02","236.675","07:12","10:41","10:38"
"352","42:05:51","237.350","06:49","10:07","10:38"
"353","42:11:17","238.024","05:25","08:02","10:38"
"354","42:22:03","238.698","10:46","15:59","10:38"
"355","42:31:34","239.372","09:30","14:05","10:39"
"356","42:38:34","240.047","06:59","10:22","10:39"
"357","42:43:39","240.721","05:04","07:32","10:38"
"358","42:49:25","241.395","05:46","08:33","10:38"
"359","42:54:56","242.070","05:31","08:12","10:38"
"360","43:15:53","242.744","20:56","31:02","10:41"
"361","43:20:38","243.418","04:45","07:03","10:41"
"362","43:26:17","244.093","05:38","08:22","10:40"
"363","43:31:06","244.767","04:49","07:09","10:40"
"364","43:37:05","245.441","05:58","08:51","10:39"
"365","43:44:36","246.115","07:31","11:09","10:39"
"366","43:49:26","246.790","04:49","07:09","10:39"
"367","43:54:46","247.464","05:20","07:55","10:38"
"368","44:00:45","248.138","05:58","08:51","10:38"
"369","44:11:23","248.813","10:38","15:46","10:39"
"370","44:19:44","249.487","08:20","12:22","10:39"
"371","44:25:19","250.161","05:34","08:16","10:39"
"372","44:31:17","250.835","05:58","08:51","10:38"
"373","44:39:12","251.510","07:55","11:44","10:39"
"374","44:45:22","252.184","06:09","09:07","10:38"
"375","44:50:36","252.858","05:13","07:45","10:38"
"376","44:56:01","253.533","05:25","08:02","10:38"
"377","45:07:48","254.207","11:47","17:29","10:39"
"378","45:14:23","254.881","06:34","09:45","10:38"
"379","45:20:57","255.555","06:34","09:44","10:38"
"380","45:26:20","256.230","05:22","07:58","10:38"
"381","45:34:48","256.904","08:27","12:32","10:38"
"382","45:40:04","257.578","05:16","07:49","10:38"
"383","45:45:50","258.253","05:46","08:33","10:37"
"384","45:51:28","258.927","05:37","08:20","10:37"
"385","45:57:32","259.601","06:04","08:59","10:37"
"386","46:03:07","260.275","05:35","08:16","10:36"
"387","46:17:18","260.950","14:11","21:02","10:38"
"388","46:24:15","261.624","06:56","10:18","10:38"
"389","46:29:42","262.298","05:26","08:04","10:38"
"390","46:39:03","262.973","09:21","13:53","10:38"
"391","46:43:57","263.647","04:53","07:15","10:38"
"392","46:49:08","264.321","05:11","07:41","10:37"
"393","46:54:06","264.996","04:58","07:22","10:37"
"394","47:00:51","265.670","06:44","10:00","10:37"
"395","47:05:38","266.344","04:46","07:05","10:36"
"396","47:10:41","267.018","05:02","07:29","10:36"
"397","47:16:07","267.693","05:26","08:04","10:35"
"398","47:21:30","268.367","05:22","07:57","10:35"
"399","47:26:36","269.041","05:06","07:35","10:34"
"400","47:35:13","269.716","08:36","12:46","10:35"
"401","47:41:33","270.390","06:20","09:24","10:34"
"402","47:51:26","271.064","09:52","14:38","10:35"
"403","47:57:10","271.738","05:43","08:29","10:35"
"404","49:01:26","272.413","1:04:16","1:35:19","10:47"
"405","49:10:53","273.087","09:26","14:00","10:48"
"406","49:24:10","273.761","13:17","19:42","10:49"
"407","49:33:51","274.436","09:40","14:21","10:50"
"408","49:42:26","275.110","08:34","12:43","10:50"
"409","49:49:41","275.784","07:14","10:44","10:50"
"410","49:58:20","276.458","08:39","12:50","10:50"
"411","50:06:50","277.133","08:29","12:35","10:50"
"412","50:14:45","277.807","07:55","11:44","10:51"
"413","50:25:34","278.481","10:48","16:02","10:51"
"414","50:31:53","279.156","06:19","09:22","10:51"
"415","50:41:53","279.830","09:59","14:49","10:52"
"416","50:49:31","280.504","07:37","11:18","10:52"
"417","51:00:07","281.178","10:36","15:44","10:52"
"418","51:12:54","281.853","12:47","18:57","10:54"
"419","51:20:55","282.527","08:00","11:52","10:54"
"420","51:27:09","283.201","06:14","09:15","10:54"
"421","51:34:27","283.876","07:17","10:49","10:54"
"422","51:44:59","284.550","10:32","15:38","10:54"
"423","51:50:40","285.224","05:40","08:24","10:54"
"424","51:57:07","285.899","06:27","09:34","10:54"
"425","52:07:03","286.573","09:55","14:43","10:54"
"426","52:12:32","287.247","05:29","08:08","10:54"
"427","52:19:23","287.921","06:51","10:09","10:54"
"428","52:24:59","288.596","05:35","08:18","10:53"
"429","52:31:08","289.270","06:09","09:08","10:53"
"430","52:37:40","289.944","06:31","09:40","10:53"
"431","52:48:10","290.619","10:30","15:34","10:54"
"432","52:52:59","291.293","04:49","07:09","10:53"
"433","52:58:16","291.967","05:16","07:49","10:53"
"434","53:03:06","292.641","04:50","07:10","10:52"
"435","53:09:11","293.316","06:05","09:01","10:52"
"436","53:14:22","293.990","05:10","07:40","10:51"
"437","53:22:44","294.664","08:22","12:24","10:52"
"438","53:29:21","295.339","06:36","09:47","10:52"
"439","53:36:58","296.013","07:36","11:17","10:52"
"440","53:43:12","296.687","06:14","09:15","10:51"
"441","53:49:34","297.361","06:21","09:25","10:51"
"442","53:55:06","298.036","05:31","08:12","10:51"
"443","54:00:43","298.710","05:37","08:20","10:50"
"444","54:06:09","299.384","05:25","08:03","10:50"
"445","54:10:49","300.059","04:40","06:55","10:50"
"446","54:18:30","300.733","07:41","11:23","10:50"
"447","55:59:47","301.407","1:41:16","2:30:11","11:08"
"448","56:07:55","302.081","08:08","12:03","11:08"
"449","56:17:59","302.756","10:03","14:55","11:09"
"450","56:23:02","303.430","05:03","07:29","11:08"
"451","56:30:06","304.104","07:04","10:29","11:08"
"452","56:37:49","304.779","07:42","11:26","11:08"
"453","56:43:15","305.453","05:25","08:02","11:08"
"454","56:48:14","306.127","04:59","07:23","11:08"
"455","56:53:28","306.801","05:13","07:45","11:07"
"456","56:59:23","307.476","05:54","08:45","11:07"
"457","57:05:34","308.150","06:11","09:10","11:06"
"458","57:12:50","308.824","07:15","10:46","11:06"
"459","57:21:04","309.499","08:14","12:13","11:07"
"460","57:29:36","310.173","08:32","12:39","11:07"
"461","57:37:05","310.847","07:29","11:06","11:07"
"462","57:42:10","311.522","05:05","07:32","11:06"
"463","57:48:11","312.196","06:00","08:54","11:06"
"464","57:53:33","312.870","05:22","07:58","11:06"
"465","58:01:45","313.544","08:11","12:09","11:06"
"466","58:09:57","314.219","08:11","12:09","11:06"
"467","58:15:21","314.893","05:24","08:00","11:06"
"468","58:21:03","315.567","05:41","08:26","11:05"
"469","58:26:33","316.242","05:29","08:08","11:05"
"470","58:31:39","316.916","05:06","07:34","11:04"
"471","58:37:01","317.590","05:21","07:57","11:04"
"472","58:41:56","318.264","04:55","07:17","11:03"
"473","58:46:57","318.939","05:00","07:26","11:03"
"474","58:51:48","319.613","04:50","07:11","11:03"
"475","58:56:27","320.287","04:39","06:54","11:02"
"476","59:01:17","320.962","04:49","07:10","11:02"
"477","59:06:24","321.636","05:06","07:35","11:01"
"478","59:11:26","322.310","05:01","07:27","11:01"
"479","59:34:09","322.984","22:42","33:41","11:03"
"480","59:40:36","323.659","06:27","09:34","11:03"
"481","59:48:58","324.333","08:21","12:24","11:03"
"482","59:54:35","325.007","05:37","08:20","11:03"
"483","60:00:20","325.682","05:44","08:31","11:03"
"484","60:05:55","326.356","05:34","08:16","11:02"
"485","60:11:16","327.030","05:21","07:56","11:02"
"486","60:16:45","327.704","05:28","08:07","11:02"
"487","60:22:17","328.379","05:31","08:12","11:01"
"488","60:29:59","329.053","07:42","11:26","11:01"
"489","60:35:38","329.727","05:38","08:21","11:01"
"490","60:48:49","330.402","13:11","19:33","11:02"
"491","60:54:10","331.076","05:20","07:55","11:02"
"492","60:59:41","331.750","05:30","08:10","11:01"
"493","61:05:25","332.425","05:44","08:30","11:01"
"494","61:11:00","333.099","05:34","08:16","11:01"
"495","61:16:23","333.773","05:22","07:58","11:00"
"496","61:21:35","334.447","05:12","07:43","11:00"
"497","61:27:09","335.122","05:33","08:15","11:00"
"498","61:35:37","335.796","08:27","12:33","11:00"
"499","61:41:03","336.470","05:26","08:03","10:59"
"500","61:46:23","337.145","05:20","07:54","10:59"
"501","61:51:44","337.819","05:21","07:56","10:59"
"502","62:14:36","338.493","22:51","33:54","11:01"
"503","65:36:13","339.167","3:21:36","4:58:59","11:36"
"504","65:48:01","339.842","11:47","17:29","11:37"
"505","65:52:49","340.516","04:48","07:07","11:36"
"506","65:57:23","341.190","04:34","06:47","11:35"
"507","66:02:48","341.865","05:24","08:01","11:35"
"508","66:07:26","342.539","04:37","06:51","11:34"
"509","66:14:28","343.213","07:02","10:26","11:34"
"510","66:21:02","343.887","06:33","09:43","11:34"
"511","66:25:47","344.562","04:44","07:02","11:34"
"512","66:30:29","345.236","04:41","06:57","11:33"
"513","66:35:08","345.910","04:39","06:53","11:32"
"514","66:39:47","346.585","04:39","06:54","11:32"
"515","66:44:25","347.259","04:37","06:51","11:31"
"516","66:49:07","347.933","04:42","06:59","11:31"
"517","66:53:46","348.607","04:39","06:53","11:30"
"518","66:58:24","349.282","04:37","06:51","11:30"
"519","67:03:06","349.956","04:41","06:57","11:29"
"520","67:07:43","350.630","04:37","06:51","11:29"
"521","67:12:42","351.305","04:59","07:23","11:28"
"522","67:17:11","351.979","04:29","06:39","11:28"
"523","67:21:49","352.653","04:37","06:51","11:27"
"524","67:26:18","353.328","04:29","06:39","11:27"
"525","67:30:44","354.002","04:25","06:33","11:26"
"526","67:35:12","354.676","04:27","06:37","11:26"
"527","67:39:39","355.350","04:26","06:35","11:25"
"528","67:44:02","356.025","04:23","06:31","11:24"
"529","67:48:22","356.699","04:19","06:25","11:24"
"530","67:52:42","357.373","04:19","06:25","11:23"
"531","67:57:02","358.048","04:20","06:25","11:23"
"532","68:01:21","358.722","04:18","06:23","11:22"
"533","68:05:37","359.396","04:15","06:19","11:22"
"534","68:09:52","360.070","04:15","06:18","11:21"
"535","68:20:49","360.745","10:56","16:14","11:22"
"536","68:25:13","361.419","04:23","06:31","11:21"
"537","68:29:32","362.093","04:19","06:24","11:20"
"538","68:33:54","362.768","04:21","06:27","11:20"
"539","68:38:16","363.442","04:22","06:29","11:19"
"540","68:42:39","364.116","04:22","06:29","11:19"
"541","68:47:02","364.790","04:22","06:29","11:18"
"542","68:51:22","365.465","04:20","06:26","11:18"
"543","68:55:47","366.139","04:24","06:31","11:17"
"544","69:00:05","366.813","04:18","06:23","11:17"
"545","69:04:25","367.488","04:19","06:24","11:16"
"546","69:08:44","368.162","04:19","06:24","11:16"
"547","69:13:04","368.836","04:19","06:25","11:15"
"548","69:17:23","369.510","04:19","06:25","11:15"
"549","69:21:45","370.185","04:21","06:27","11:14"
"550","69:37:53","370.859","16:08","23:56","11:15"
"551","69:42:32","371.533","04:38","06:52","11:15"
"552","69:47:09","372.208","04:37","06:51","11:14"
"553","69:51:39","372.882","04:29","06:39","11:14"
"554","69:56:10","373.556","04:30","06:41","11:13"
"555","70:00:41","374.230","04:31","06:42","11:13"
"556","70:05:10","374.905","04:29","06:39","11:12"
"557","70:09:41","375.579","04:30","06:41","11:12"
"558","70:17:21","376.253","07:39","11:22","11:12"
"559","70:21:59","376.928","04:38","06:52","11:12"
"560","70:26:34","377.602","04:34","06:46","11:11"
"561","70:31:02","378.276","04:28","06:38","11:11"
"562","70:35:34","378.951","04:31","06:42","11:10"
"563","70:42:02","379.625","06:28","09:35","11:10"
"564","70:53:36","380.299","11:34","17:10","11:11"
"565","70:59:52","380.973","06:15","09:17","11:10"
"566","71:06:26","381.648","06:33","09:43","11:10"
"567","71:12:03","382.322","05:37","08:20","11:10"
"568","71:18:11","382.996","06:08","09:06","11:10"
"569","71:25:46","383.671","07:35","11:15","11:10"
"570","71:35:43","384.345","09:56","14:45","11:10"
"571","71:42:13","385.019","06:29","09:38","11:10"
"572","71:48:40","385.693","06:26","09:33","11:10"
"573","71:54:44","386.368","06:03","08:59","11:10"
"574","72:01:05","387.042","06:21","09:26","11:09"
"575","73:00:38","387.716","59:32","1:28:18","11:17"
"576","73:11:11","388.391","10:32","15:38","11:18"
"577","73:16:30","389.065","05:19","07:53","11:18"
"578","73:22:01","389.739","05:30","08:10","11:17"
"579","73:28:19","390.413","06:18","09:21","11:17"
"580","73:33:45","391.088","05:25","08:03","11:17"
"581","73:40:06","391.762","06:21","09:25","11:16"
"582","73:45:57","392.436","05:50","08:39","11:16"
"583","73:51:24","393.111","05:26","08:04","11:16"
"584","73:57:18","393.785","05:54","08:45","11:16"
"585","74:02:51","394.459","05:32","08:13","11:15"
"586","74:08:29","395.133","05:37","08:20","11:15"
"587","74:14:19","395.808","05:50","08:40","11:15"
"588","74:19:59","396.482","05:39","08:24","11:14"
"589","74:25:50","397.156","05:50","08:39","11:14"
"590","74:31:06","397.831","05:16","07:49","11:14"
"591","74:36:27","398.505","05:20","07:56","11:13"
"592","74:41:59","399.179","05:31","08:12","11:13"
"593","74:47:43","399.854","05:43","08:29","11:13"
"594","74:52:49","400.528","05:06","07:34","11:13"
"595","74:57:39","401.202","04:50","07:10","11:12"
"596","75:08:04","401.876","10:25","15:26","11:13"
"597","75:14:10","402.551","06:05","09:02","11:12"
"598","75:19:48","403.225","05:37","08:20","11:12"
"599","75:26:37","403.899","06:49","10:07","11:12"
"600","75:32:02","404.574","05:25","08:02","11:12"
"601","75:37:29","405.248","05:26","08:04","11:11"
"602","75:45:15","405.922","07:46","11:31","11:11"
"603","75:50:44","406.596","05:28","08:07","11:11"
"604","75:56:12","407.271","05:28","08:06","11:11"
"605","76:01:40","407.945","05:27","08:06","11:10"
"606","76:09:54","408.619","08:13","12:11","11:11"
"607","76:14:22","409.294","04:27","06:37","11:10"
"608","76:19:08","409.968","04:46","07:04","11:10"
"609","76:24:31","410.642","05:22","07:58","11:09"
"610","76:29:50","411.316","05:19","07:53","11:09"
"611","76:35:06","411.991","05:16","07:48","11:09"
"612","76:40:19","412.665","05:13","07:44","11:08"
"613","76:46:11","413.339","05:52","08:42","11:08"
"614","77:02:27","414.014","16:15","24:06","11:09"
"615","77:09:08","414.688","06:41","09:54","11:09"
"616","77:13:57","415.362","04:49","07:08","11:09"
"617","77:18:40","416.036","04:42","06:59","11:08"
"618","77:23:19","416.711","04:39","06:54","11:08"
"619","77:27:50","417.385","04:30","06:41","11:08"
"620","77:40:18","418.059","12:28","18:29","11:08"
"621","77:46:28","418.734","06:09","09:07","11:08"
"622","77:51:16","419.408","04:47","07:07","11:08"
"623","77:58:22","420.082","07:06","10:33","11:08"
"624","79:05:42","420.757","1:07:20","1:39:51","11:16"
"625","79:13:46","421.431","08:04","11:57","11:16"
"626","79:18:48","422.105","05:01","07:27","11:16"
"627","79:23:48","422.779","04:59","07:23","11:16"
"628","79:28:46","423.454","04:58","07:22","11:15"
"629","79:33:41","424.128","04:54","07:16","11:15"
"630","79:40:16","424.802","06:34","09:45","11:15"
"631","79:45:18","425.477","05:02","07:29","11:14"
"632","79:50:19","426.151","05:00","07:25","11:14"
"633","79:55:11","426.825","04:51","07:12","11:14"
"634","80:00:05","427.499","04:54","07:16","11:13"
"635","80:07:31","428.174","07:26","11:01","11:13"
"636","80:14:18","428.848","06:47","10:03","11:13"
"637","80:19:23","429.522","05:04","07:31","11:13"
"638","80:24:24","430.197","05:01","07:26","11:12"
"639","80:30:35","430.871","06:10","09:09","11:12"
"640","80:35:39","431.545","05:04","07:31","11:12"
"641","80:41:13","432.219","05:33","08:14","11:12"
"642","80:48:30","432.894","07:17","10:48","11:12"
"643","80:53:38","433.568","05:08","07:37","11:11"
"644","81:19:07","434.242","25:29","37:47","11:14"
"645","81:26:11","434.917","07:03","10:28","11:14"
"646","81:31:15","435.591","05:04","07:31","11:13"
"647","81:36:14","436.265","04:58","07:22","11:13"
"648","81:41:10","436.939","04:56","07:19","11:13"
"649","81:47:08","437.614","05:58","08:50","11:12"
"650","81:52:07","438.288","04:58","07:22","11:12"
"651","81:57:08","438.962","05:00","07:26","11:12"
"652","82:02:35","439.637","05:26","08:04","11:11"
"653","82:07:42","440.311","05:07","07:35","11:11"
"654","82:19:14","440.985","11:32","17:07","11:12"
"655","82:24:39","441.660","05:24","08:00","11:11"
"656","82:29:44","442.334","05:05","07:33","11:11"
"657","82:34:53","443.008","05:08","07:37","11:11"
"658","82:39:57","443.682","05:03","07:30","11:10"
"659","82:45:24","444.357","05:27","08:05","11:10"
"660","82:58:43","445.031","13:18","19:44","11:11"
"661","83:03:28","445.705","04:44","07:01","11:10"
"662","83:07:50","446.380","04:22","06:29","11:10"
"663","83:12:16","447.054","04:25","06:34","11:10"
"664","83:16:41","447.728","04:24","06:32","11:09"
"665","83:21:58","448.402","05:16","07:49","11:09"
"666","83:27:29","449.077","05:31","08:11","11:09"
"667","83:33:12","449.751","05:42","08:28","11:08"
"668","83:54:42","450.425","21:30","31:53","11:10"
"669","84:01:21","451.100","06:38","09:51","11:10"
"670","84:06:58","451.774","05:36","08:19","11:10"
"671","84:12:04","452.448","05:06","07:33","11:09"
"672","84:17:37","453.122","05:33","08:14","11:09"
"673","84:24:05","453.797","06:27","09:35","11:09"
"674","84:29:08","454.471","05:02","07:28","11:09"
"675","84:34:18","455.145","05:10","07:40","11:08"
"676","84:39:22","455.820","05:03","07:30","11:08"
"677","84:44:23","456.494","05:00","07:26","11:08"
"678","84:49:28","457.168","05:05","07:32","11:07"
"679","84:55:57","457.842","06:28","09:36","11:07"
"680","85:01:02","458.517","05:04","07:31","11:07"
"681","85:06:55","459.191","05:53","08:44","11:07"
"682","85:12:03","459.865","05:08","07:36","11:06"
"683","85:17:45","460.540","05:42","08:27","11:06"
"684","85:22:45","461.214","04:59","07:23","11:06"
"685","85:27:52","461.888","05:07","07:35","11:06"
"686","85:33:23","462.562","05:31","08:11","11:05"
"687","85:40:13","463.237","06:49","10:07","11:05"
"688","85:45:16","463.911","05:03","07:29","11:05"
"689","85:49:47","464.585","04:30","06:40","11:05"
"690","85:53:56","465.260","04:09","06:09","11:04"
"691","88:59:15","465.934","3:05:18","4:34:49","11:27"
"692","89:12:47","466.608","13:32","20:04","11:28"
"693","89:18:14","467.283","05:26","08:04","11:28"
"694","89:24:24","467.957","06:09","09:08","11:27"
"695","89:29:37","468.631","05:13","07:44","11:27"
"696","89:37:22","469.305","07:44","11:29","11:27"
"697","89:42:26","469.980","05:03","07:30","11:27"
"698","89:51:00","470.654","08:34","12:43","11:27"
"699","89:56:17","471.328","05:16","07:49","11:26"
"700","90:01:20","472.003","05:03","07:29","11:26"
"701","90:11:46","472.677","10:25","15:28","11:26"
"702","90:17:46","473.351","05:59","08:53","11:26"
"703","90:22:48","474.025","05:02","07:28","11:26"
"704","90:27:55","474.700","05:07","07:35","11:26"
"705","90:35:46","475.374","07:50","11:37","11:26"
"706","90:40:44","476.048","04:58","07:22","11:25"
"707","90:45:42","476.723","04:57","07:20","11:25"
"708","90:50:36","477.397","04:54","07:16","11:25"
"709","90:55:41","478.071","05:05","07:33","11:24"
"710","91:00:33","478.745","04:51","07:12","11:24"
"711","91:05:26","479.420","04:53","07:14","11:24"
"712","91:12:44","480.094","07:18","10:49","11:23"
"713","91:19:25","480.768","06:40","09:54","11:23"
"714","91:24:22","481.443","04:56","07:20","11:23"
"715","91:30:14","482.117","05:51","08:41","11:23"
"716","91:35:05","482.791","04:51","07:12","11:22"
"717","91:39:49","483.465","04:43","07:00","11:22"
"718","91:44:37","484.140","04:48","07:08","11:22"
"719","91:49:18","484.814","04:40","06:56","11:21"
"720","91:54:03","485.488","04:44","07:02","11:21"
"721","91:58:42","486.163","04:39","06:54","11:21"
"722","92:26:50","486.837","28:08","41:43","11:23"
"723","92:31:57","487.511","05:06","07:34","11:23"
"724","92:37:25","488.186","05:27","08:06","11:23"
"725","92:42:47","488.860","05:22","07:58","11:22"
"726","92:47:57","489.534","05:09","07:39","11:22"
"727","92:52:58","490.208","05:00","07:26","11:22"
"728","92:58:08","490.883","05:10","07:40","11:21"
"729","93:03:41","491.557","05:33","08:13","11:21"
"730","93:09:37","492.231","05:55","08:47","11:21"
"731","93:16:57","492.906","07:20","10:53","11:21"
"732","93:21:41","493.580","04:43","07:00","11:20"
"733","93:26:22","494.254","04:40","06:56","11:20"
"734","93:31:39","494.928","05:17","07:51","11:20"
"735","93:36:18","495.603","04:38","06:53","11:19"
"736","93:41:03","496.277","04:44","07:02","11:19"
"737","93:46:09","496.951","05:05","07:33","11:19"
"738","93:51:11","497.626","05:02","07:28","11:18"
"739","93:55:55","498.300","04:44","07:01","11:18"
"740","94:00:59","498.974","05:03","07:30","11:18"
"741","94:05:42","499.648","04:42","06:59","11:17"
"742","94:10:25","500.323","04:43","07:01","11:17"
"743","94:15:00","500.997","04:34","06:47","11:17"
"744","94:26:15","501.671","11:14","16:40","11:17"
"745","94:33:04","502.346","06:48","10:06","11:17"
"746","94:38:15","503.020","05:11","07:42","11:17"
"747","94:43:30","503.694","05:14","07:46","11:17"
"748","94:48:55","504.368","05:25","08:02","11:16"
"749","94:53:56","505.043","05:00","07:25","11:16"
"750","94:59:07","505.717","05:10","07:41","11:16"
"751","95:06:09","506.391","07:01","10:25","11:16"
"752","95:11:22","507.066","05:13","07:45","11:15"
"753","95:20:00","507.740","08:38","12:48","11:15"
"754","95:25:04","508.414","05:03","07:30","11:15"
"755","95:30:32","509.089","05:27","08:06","11:15"
"756","95:36:23","509.763","05:50","08:40","11:15"
"757","95:41:18","510.437","04:55","07:18","11:14"
"758","95:47:31","511.111","06:12","09:12","11:14"
"759","95:52:18","511.786","04:46","07:05","11:14"
"760","95:57:19","512.460","05:01","07:26","11:14"
"761","96:55:25","513.134","58:06","1:26:10","11:19"
"762","97:05:56","513.809","10:30","15:35","11:20"
"763","97:11:29","514.483","05:32","08:12","11:20"
"764","97:16:24","515.157","04:55","07:17","11:19"
"765","97:22:02","515.831","05:38","08:21","11:19"
"766","97:27:27","516.506","05:25","08:02","11:19"
"767","97:33:05","517.180","05:37","08:20","11:19"
"768","97:38:20","517.854","05:14","07:47","11:18"
"769","97:43:48","518.529","05:28","08:06","11:18"
"770","97:49:38","519.203","05:49","08:38","11:18"
"771","97:57:04","519.877","07:26","11:02","11:18"
"772","98:02:34","520.551","05:29","08:09","11:18"
"773","98:10:10","521.226","07:35","11:15","11:18"
"774","98:15:27","521.900","05:17","07:51","11:17"
"775","98:21:18","522.574","05:50","08:39","11:17"
"776","98:27:35","523.249","06:17","09:19","11:17"
"777","98:33:35","523.923","06:00","08:54","11:17"
"778","98:42:56","524.597","09:20","13:51","11:17"
"779","98:47:13","525.271","04:16","06:20","11:17"
"780","98:51:35","525.946","04:22","06:29","11:16"
"781","98:55:59","526.620","04:23","06:30","11:16"
"782","99:00:20","527.294","04:21","06:27","11:15"
"783","99:14:01","527.969","13:41","20:17","11:16"
"784","99:19:22","528.643","05:20","07:55","11:16"
"785","99:24:37","529.317","05:15","07:47","11:16"
"786","99:29:57","529.991","05:20","07:55","11:15"
"787","99:35:40","530.666","05:42","08:28","11:15"
"788","99:40:57","531.340","05:16","07:49","11:15"
"789","99:46:13","532.014","05:16","07:50","11:15"
"790","99:52:00","532.689","05:46","08:34","11:14"
"791","99:57:22","533.363","05:22","07:57","11:14"
"792","100:08:46","534.037","11:23","16:53","11:15"
"793","100:26:14","534.712","17:28","25:54","11:16"
"794","100:31:55","535.386","05:41","08:25","11:15"
"795","100:37:28","536.060","05:32","08:12","11:15"
"796","100:42:54","536.734","05:26","08:04","11:15"
"797","100:48:20","537.409","05:26","08:03","11:15"
"798","100:53:55","538.083","05:34","08:16","11:15"
"799","100:59:24","538.757","05:29","08:08","11:14"
"800","101:05:35","539.432","06:10","09:09","11:14"
"801","101:11:01","540.106","05:25","08:03","11:14"
"802","101:19:03","540.780","08:02","11:55","11:14"
"803","101:24:29","541.454","05:25","08:03","11:14"
"804","101:29:58","542.129","05:29","08:08","11:14"
"805","101:35:41","542.803","05:42","08:27","11:13"
"806","101:41:34","543.477","05:53","08:43","11:13"
"807","101:47:11","544.152","05:37","08:20","11:13"
"808","101:54:23","544.826","07:11","10:39","11:13"
"809","103:05:01","545.500","1:10:37","1:44:44","11:20"
"810","103:19:00","546.174","13:59","20:44","11:20"
"811","103:24:20","546.849","05:19","07:53","11:20"
"812","103:29:32","547.523","05:12","07:43","11:20"
"813","103:34:39","548.197","05:06","07:35","11:20"
"814","103:39:50","548.872","05:10","07:40","11:19"
"815","103:45:01","549.546","05:11","07:41","11:19"
"816","103:50:12","550.220","05:10","07:40","11:19"
"817","103:57:29","550.894","07:17","10:48","11:19"
"818","104:05:07","551.569","07:37","11:18","11:19"
"819","104:10:29","552.243","05:22","07:58","11:19"
"820","104:20:43","552.917","10:13","15:10","11:19"
"821","104:25:49","553.592","05:05","07:33","11:19"
"822","104:31:23","554.266","05:33","08:14","11:18"
"823","104:36:26","554.940","05:02","07:29","11:18"
"824","104:41:26","555.615","05:00","07:25","11:18"
"825","104:46:32","556.289","05:06","07:33","11:18"
"826","104:51:40","556.963","05:08","07:37","11:17"
"827","104:56:50","557.637","05:10","07:39","11:17"
"828","105:11:28","558.312","14:37","21:41","11:18"
"829","105:19:25","558.986","07:56","11:46","11:18"
"830","105:24:35","559.660","05:10","07:40","11:18"
"831","105:30:26","560.335","05:50","08:40","11:17"
"832","105:36:09","561.009","05:43","08:29","11:17"
"833","105:47:21","561.683","11:11","16:35","11:18"
"834","105:52:42","562.357","05:20","07:55","11:17"
"835","106:00:08","563.032","07:26","11:02","11:17"
"836","106:06:12","563.706","06:03","08:59","11:17"
"837","106:12:31","564.380","06:18","09:21","11:17"
"838","106:19:49","565.055","07:18","10:50","11:17"
"839","106:24:48","565.729","04:58","07:22","11:17"
"840","106:29:47","566.403","04:59","07:23","11:16"
"841","106:46:53","567.077","17:06","25:21","11:17"
"842","106:52:16","567.752","05:23","07:59","11:17"
"843","106:59:26","568.426","07:10","10:38","11:17"
"844","107:04:51","569.100","05:24","08:01","11:17"
"845","107:11:35","569.775","06:44","09:59","11:17"
"846","107:16:19","570.449","04:43","06:59","11:16"
"847","107:21:25","571.123","05:06","07:34","11:16"
"848","107:26:36","571.797","05:11","07:41","11:16"
"849","107:31:43","572.472","05:06","07:35","11:16"
"850","107:37:26","573.146","05:43","08:29","11:15"
"851","107:46:51","573.820","09:24","13:57","11:16"
"852","107:58:10","574.495","11:18","16:46","11:16"
"853","108:03:22","575.169","05:11","07:42","11:16"
"854","108:08:21","575.843","04:59","07:24","11:16"
"855","108:13:25","576.517","05:03","07:30","11:15"
"856","108:19:06","577.192","05:41","08:25","11:15"
"857","108:24:15","577.866","05:08","07:38","11:15"
"858","108:29:43","578.540","05:28","08:06","11:15"
"859","108:43:16","579.215","13:32","20:05","11:15"
"860","108:48:39","579.889","05:22","07:58","11:15"
"861","108:54:20","580.563","05:41","08:26","11:15"
"862","109:00:47","581.238","06:27","09:33","11:15"
"863","109:10:24","581.912","09:37","14:15","11:15"
"864","109:16:04","582.586","05:40","08:24","11:15"
"865","109:21:33","583.260","05:29","08:08","11:14"
"866","109:27:29","583.935","05:55","08:47","11:14"
"867","109:32:32","584.609","05:03","07:30","11:14"
"868","109:39:12","585.283","06:40","09:53","11:14"
"869","112:57:38","585.958","3:18:25","4:54:15","11:34"
"870","113:07:09","586.632","09:30","14:06","11:34"
"871","113:13:58","587.306","06:49","10:07","11:34"
"872","113:21:11","587.980","07:12","10:41","11:34"
"873","113:26:56","588.655","05:45","08:32","11:33"
"874","113:32:05","589.329","05:08","07:38","11:33"
"875","113:37:18","590.003","05:12","07:43","11:33"
"876","113:43:36","590.678","06:17","09:20","11:33"
"877","113:50:02","591.352","06:26","09:32","11:32"
"878","113:55:03","592.026","05:01","07:26","11:32"
"879","114:00:03","592.700","05:00","07:25","11:32"
"880","114:08:20","593.375","08:16","12:16","11:32"
"881","114:15:28","594.049","07:07","10:34","11:32"
"882","114:20:28","594.723","05:00","07:25","11:32"
"883","114:25:29","595.398","05:00","07:25","11:31"
"884","114:30:37","596.072","05:08","07:37","11:31"
"885","114:35:58","596.746","05:20","07:55","11:31"
"886","114:41:02","597.420","05:03","07:29","11:31"
"887","114:46:09","598.095","05:07","07:35","11:30"
"888","114:51:15","598.769","05:05","07:33","11:30"
"889","114:56:19","599.443","05:04","07:31","11:30"
"890","115:01:13","600.118","04:53","07:15","11:29"
"891","115:06:12","600.792","04:59","07:24","11:29"
"892","115:17:31","601.466","11:18","16:46","11:30"
"893","115:26:25","602.141","08:53","13:11","11:30"
"894","115:31:40","602.815","05:15","07:48","11:29"
"895","115:36:53","603.489","05:12","07:43","11:29"
"896","115:42:44","604.163","05:51","08:41","11:29"
"897","115:47:49","604.838","05:04","07:31","11:29"
"898","115:54:14","605.512","06:24","09:30","11:29"
"899","115:59:38","606.186","05:23","08:00","11:28"
"900","116:12:31","606.861","12:53","19:06","11:29"
"901","116:17:51","607.535","05:20","07:55","11:29"
"902","116:22:32","608.209","04:40","06:56","11:28"
"903","116:27:15","608.883","04:42","06:59","11:28"
"904","116:31:53","609.558","04:37","06:51","11:28"
"905","116:36:27","610.232","04:34","06:47","11:27"
"906","116:50:48","610.906","14:21","21:16","11:28"
"907","116:56:00","611.581","05:11","07:41","11:28"
"908","117:00:21","612.255","04:21","06:27","11:27"
"909","117:04:48","612.929","04:26","06:35","11:27"
"910","117:09:18","613.603","04:30","06:40","11:27"
"911","117:13:49","614.278","04:31","06:42","11:27"
"912","117:18:46","614.952","04:56","07:20","11:26"
"913","117:23:19","615.626","04:32","06:44","11:26"
"914","117:27:51","616.301","04:31","06:43","11:26"
"915","117:32:43","616.975","04:52","07:13","11:25"
"916","117:37:14","617.649","04:31","06:42","11:25"
"917","117:41:46","618.323","04:31","06:42","11:25"
"918","117:46:18","618.998","04:32","06:43","11:24"
"919","117:50:51","619.672","04:33","06:45","11:24"
"920","117:55:22","620.346","04:30","06:40","11:24"
"921","118:02:34","621.021","07:12","10:41","11:24"
"922","118:25:27","621.695","22:52","33:55","11:25"
"923","118:30:33","622.369","05:06","07:34","11:25"
"924","118:36:17","623.044","05:43","08:29","11:25"
"925","118:41:45","623.718","05:28","08:07","11:25"
"926","118:47:47","624.392","06:02","08:57","11:24"
"927","118:53:20","625.066","05:32","08:13","11:24"
"928","118:59:44","625.741","06:23","09:29","11:24"
"929","119:07:04","626.415","07:19","10:52","11:24"
"930","119:12:33","627.089","05:29","08:08","11:24"
"931","119:17:53","627.764","05:20","07:55","11:24"
"932","119:25:12","628.438","07:18","10:50","11:24"
"933","119:30:15","629.112","05:02","07:29","11:23"
"934","119:35:31","629.786","05:16","07:49","11:23"
"935","119:40:38","630.461","05:06","07:34","11:23"
"936","119:45:49","631.135","05:10","07:40","11:23"
"937","119:50:42","631.809","04:53","07:15","11:22"
"938","119:55:37","632.484","04:55","07:17","11:22"
"939","121:03:10","633.158","1:07:32","1:40:10","11:28"
"940","121:12:24","633.832","09:14","13:42","11:28"
"941","121:20:17","634.506","07:52","11:40","11:28"
"942","121:25:26","635.181","05:09","07:38","11:28"
"943","121:30:47","635.855","05:21","07:56","11:27"
"944","121:36:57","636.529","06:09","09:07","11:27"
"945","121:42:08","637.204","05:10","07:41","11:27"
"946","121:47:36","637.878","05:27","08:06","11:27"
"947","121:53:02","638.552","05:26","08:03","11:27"
"948","121:58:23","639.226","05:21","07:57","11:26"
"949","122:03:43","639.901","05:19","07:53","11:26"
"950","122:08:58","640.575","05:15","07:47","11:26"
"951","122:21:42","641.249","12:43","18:52","11:26"
"952","122:29:52","641.924","08:10","12:07","11:26"
"953","122:35:11","642.598","05:19","07:53","11:26"
"954","122:40:31","643.272","05:20","07:54","11:26"
"955","122:45:46","643.946","05:14","07:46","11:26"
"956","122:50:57","644.621","05:11","07:41","11:26"
"957","122:56:08","645.295","05:10","07:40","11:25"
"958","123:01:16","645.969","05:07","07:36","11:25"
"959","123:06:23","646.644","05:07","07:35","11:25"
"960","123:11:27","647.318","05:03","07:30","11:25"
"961","123:25:01","647.992","13:34","20:07","11:25"
"962","123:30:11","648.667","05:09","07:39","11:25"
"963","123:35:19","649.341","05:08","07:37","11:25"
"964","123:40:24","650.015","05:04","07:31","11:24"
"965","123:45:27","650.689","05:03","07:29","11:24"
"966","123:50:34","651.364","05:07","07:35","11:24"
"967","123:58:00","652.038","07:25","11:01","11:24"
"968","124:02:41","652.712","04:41","06:57","11:24"
"969","124:07:23","653.387","04:41","06:57","11:23"
"970","124:12:10","654.061","04:47","07:05","11:23"
"971","124:16:53","654.735","04:43","06:59","11:23"
"972","124:25:20","655.409","08:27","12:32","11:23"
"973","124:33:44","656.084","08:23","12:26","11:23"
"974","124:38:33","656.758","04:49","07:09","11:23"
"975","124:43:22","657.432","04:48","07:07","11:22"
"976","124:54:53","658.107","11:31","17:05","11:23"
"977","125:00:05","658.781","05:11","07:42","11:23"
"978","125:05:10","659.455","05:05","07:33","11:22"
"979","125:10:18","660.129","05:08","07:36","11:22"
"980","125:15:48","660.804","05:30","08:09","11:22"
"981","125:23:33","661.478","07:44","11:28","11:22"
"982","125:28:49","662.152","05:16","07:49","11:22"
"983","125:34:03","662.827","05:13","07:45","11:21"
"984","125:38:56","663.501","04:52","07:13","11:21"
"985","125:44:07","664.175","05:11","07:41","11:21"
"986","125:49:32","664.849","05:25","08:02","11:21"
"987","125:55:22","665.524","05:50","08:39","11:21"
"988","127:02:28","666.198","1:07:05","1:39:29","11:26"
"989","127:10:00","666.872","07:32","11:10","11:26"
"990","127:15:21","667.547","05:20","07:55","11:26"
"991","127:20:51","668.221","05:30","08:09","11:26"
"992","127:27:09","668.895","06:17","09:20","11:25"
"993","127:32:19","669.570","05:10","07:39","11:25"
"994","127:37:34","670.244","05:15","07:48","11:25"
"995","127:44:10","670.918","06:35","09:46","11:25"
"996","127:49:23","671.592","05:13","07:44","11:25"
"997","127:54:34","672.267","05:10","07:40","11:24"
"998","127:59:42","672.941","05:08","07:37","11:24"
"999","128:04:55","673.615","05:12","07:43","11:24"
"1000","128:09:49","674.290","04:54","07:16","11:24"
"1001","128:15:23","674.964","05:33","08:14","11:24"
"1002","128:20:38","675.638","05:15","07:48","11:23"
"1003","128:28:02","676.312","07:23","10:58","11:23"
"1004","128:33:32","676.987","05:29","08:08","11:23"
"1005","128:38:54","677.661","05:22","07:58","11:23"
"1006","128:44:34","678.335","05:40","08:24","11:23"
"1007","128:50:08","679.010","05:34","08:15","11:23"
"1008","128:55:23","679.684","05:14","07:46","11:22"
"1009","129:17:18","680.358","21:55","32:30","11:24"
"1010","129:24:50","681.032","07:32","11:10","11:24"
"1011","129:30:51","681.707","06:00","08:54","11:23"
"1012","129:39:27","682.381","08:36","12:45","11:24"
"1013","129:44:51","683.055","05:24","08:00","11:23"
"1014","129:50:06","683.730","05:14","07:46","11:23"
"1015","129:55:56","684.404","05:50","08:39","11:23"
"1016","130:03:50","685.078","07:53","11:41","11:23"
"1017","130:08:58","685.752","05:08","07:37","11:23"
"1018","130:13:58","686.427","04:59","07:24","11:23"
"1019","130:19:20","687.101","05:22","07:57","11:22"
"1020","130:24:48","687.775","05:27","08:06","11:22"
"1021","130:39:13","688.450","14:24","21:22","11:23"
"1022","130:44:34","689.124","05:21","07:56","11:23"
"1023","130:50:16","689.798","05:42","08:27","11:22"
"1024","130:55:44","690.473","05:27","08:06","11:22"
"1025","131:01:24","691.147","05:40","08:24","11:22"
"1026","131:17:50","691.821","16:25","24:21","11:23"
"1027","131:23:25","692.495","05:34","08:16","11:23"
"1028","131:29:25","693.170","05:59","08:53","11:22"
"1029","131:35:02","693.844","05:37","08:20","11:22"
"1030","131:45:14","694.518","10:12","15:07","11:22"
"1031","131:50:47","695.193","05:32","08:12","11:22"
"1032","131:56:54","695.867","06:07","09:05","11:22"
"1033","132:02:32","696.541","05:37","08:20","11:22"
"1034","132:08:03","697.215","05:31","08:10","11:22"
"1035","132:19:17","697.890","11:14","16:40","11:22"
"1036","132:24:48","698.564","05:30","08:10","11:22"
"1037","132:30:44","699.238","05:55","08:47","11:22"
"1038","132:36:34","699.913","05:50","08:39","11:22"
"1039","132:42:24","700.587","05:50","08:39","11:21"
"1040","132:49:24","701.261","06:59","10:22","11:21"
"1041","133:01:36","701.935","12:11","18:04","11:22"
"1042","133:26:00","702.610","24:24","36:11","11:23"
"1043","136:40:24","703.284","3:14:24","4:48:18","11:39"
"1044","136:49:36","703.958","09:11","13:37","11:39"
"1045","136:55:59","704.633","06:23","09:28","11:39"
"1046","137:03:09","705.307","07:09","10:37","11:39"
"1047","137:11:57","705.981","08:48","13:03","11:39"
"1048","137:17:14","706.655","05:16","07:49","11:39"
"1049","137:23:06","707.330","05:52","08:42","11:39"
"1050","137:29:10","708.004","06:04","09:00","11:39"
"1051","137:37:25","708.678","08:14","12:14","11:39"
"1052","137:42:50","709.353","05:24","08:01","11:38"
"1053","137:52:16","710.027","09:25","13:59","11:39"
"1054","137:58:08","710.701","05:52","08:42","11:38"
"1055","138:03:40","711.376","05:31","08:12","11:38"
"1056","138:09:01","712.050","05:20","07:55","11:38"
"1057","138:14:40","712.724","05:39","08:23","11:38"
"1058","138:22:05","713.398","07:24","10:59","11:38"
"1059","138:27:02","714.073","04:56","07:20","11:37"
"1060","138:31:38","714.747","04:35","06:49","11:37"
"1061","138:36:31","715.421","04:52","07:14","11:37"
"1062","138:41:21","716.096","04:50","07:10","11:37"
"1063","138:45:52","716.770","04:31","06:42","11:36"
"1064","138:50:34","717.444","04:41","06:57","11:36"
"1065","138:55:14","718.118","04:39","06:54","11:36"
"1066","139:01:47","718.793","06:33","09:43","11:36"
"1067","139:06:08","719.467","04:20","06:26","11:36"
"1068","139:10:32","720.141","04:24","06:31","11:35"
"1069","139:14:49","720.816","04:17","06:21","11:35"
"1070","139:19:09","721.490","04:19","06:25","11:35"
"1071","139:22:49","722.164","03:39","05:25","11:34"
"1072","139:26:40","722.838","03:51","05:43","11:34"
"1073","139:38:38","723.513","11:57","17:43","11:34"
"1074","139:59:27","724.187","20:49","30:53","11:35"
"1075","140:05:06","724.861","05:38","08:22","11:35"
"1076","140:14:07","725.536","09:00","13:22","11:35"
"1077","140:19:21","726.210","05:14","07:45","11:35"
"1078","140:24:48","726.884","05:27","08:04","11:35"
"1079","140:30:10","727.558","05:22","07:58","11:35"
"1080","140:38:50","728.233","08:40","12:51","11:35"
"1081","140:43:55","728.907","05:04","07:32","11:35"
"1082","140:49:06","729.581","05:10","07:40","11:34"
"1083","140:54:36","730.256","05:29","08:09","11:34"
"1084","140:59:45","730.930","05:08","07:37","11:34"
"1085","141:04:51","731.604","05:06","07:33","11:34"
"1086","141:09:52","732.278","05:01","07:26","11:33"
"1087","141:19:05","732.953","09:12","13:39","11:34"
"1088","141:38:32","733.627","19:27","28:51","11:35"
"1089","141:43:47","734.301","05:14","07:46","11:34"
"1090","141:49:04","734.976","05:17","07:50","11:34"
"1091","141:53:46","735.650","04:41","06:57","11:34"
"1092","141:58:15","736.324","04:28","06:38","11:34"
"1093","142:02:40","736.999","04:24","06:32","11:33"
"1094","142:07:06","737.673","04:26","06:34","11:33"
"1095","142:11:28","738.347","04:22","06:28","11:33"
"1096","142:15:54","739.021","04:25","06:34","11:33"
"1097","142:20:14","739.696","04:20","06:25","11:32"
"1098","142:24:44","740.370","04:29","06:40","11:32"
"1099","142:29:31","741.044","04:47","07:06","11:32"
"1100","142:34:00","741.719","04:28","06:38","11:31"
"1101","142:39:07","742.393","05:06","07:34","11:31"
"1102","142:47:58","743.067","08:51","13:07","11:31"
"1103","142:52:33","743.741","04:35","06:48","11:31"
"1104","142:57:48","744.416","05:14","07:46","11:31"
"1105","143:02:13","745.090","04:25","06:33","11:31"
"1106","143:06:21","745.764","04:08","06:08","11:30"
"1107","143:10:20","746.439","03:58","05:53","11:30"
"1108","143:14:16","747.113","03:56","05:50","11:30"
"1109","143:18:15","747.787","03:59","05:54","11:29"
"1110","143:22:19","748.461","04:04","06:01","11:29"
"1111","143:26:30","749.136","04:10","06:11","11:29"
"1112","143:30:30","749.810","04:00","05:56","11:29"
"1113","143:34:33","750.484","04:02","05:59","11:28"
"1114","143:38:45","751.159","04:12","06:13","11:28"
"1115","143:42:55","751.833","04:09","06:10","11:28"
"1116","143:47:03","752.507","04:08","06:08","11:27"
"1117","143:51:22","753.181","04:19","06:24","11:27"
"1118","143:55:26","753.856","04:03","06:01","11:27"
"1119","143:59:07","754.530","03:40","05:27","11:26"